{"cameraMode":{"drawMode":0,"name":"Shaded","section":"Shading Mode"},"sceneLighting":true,"audioPlay":false,"sceneViewState":{"m_AlwaysRefresh":false,"showFog":true,"showSkybox":true,"showFlares":true,"showImageEffects":true,"showParticleSystems":true,"showVisualEffectGraphs":true,"m_FxEnabled":true},"in2DMode":false,"pivot":{"x":1524.9310302734375,"y":1448.9298095703125,"z":8006.32177734375},"rotation":{"x":0.005682344548404217,"y":-0.010007030330598355,"z":-0.0011371911969035864,"w":-1.0000927448272706},"size":5554.9619140625,"orthographic":false}